"pid","title","worktag","collection","layout","order","permalink"
"abundance","Abundance","Abundance","worktags_pieterbruegel","tagpage_pieterbruegel",,"/pieterbruegel/tags/abundance/"
"angels","Angels","Angels","worktags_pieterbruegel","tagpage_pieterbruegel",,"/pieterbruegel/tags/angels/"
"antwerp","Antwerp","Antwerp","worktags_pieterbruegel","tagpage_pieterbruegel",,"/pieterbruegel/tags/antwerp/"
"apocalyptic","Apocalyptic","Apocalyptic","worktags_pieterbruegel","tagpage_pieterbruegel",,"/pieterbruegel/tags/apocalyptic/"
"apostles","Apostles","Apostles","worktags_pieterbruegel","tagpage_pieterbruegel",,"/pieterbruegel/tags/apostles/"
"archangel-michael","Archangel Michael","Archangel Michael","worktags_pieterbruegel","tagpage_pieterbruegel",,"/pieterbruegel/tags/archangel-michael/"
"archduke-ernst","Archduke Ernst","Archduke Ernst","worktags_pieterbruegel","tagpage_pieterbruegel",,"/pieterbruegel/tags/archduke-ernst/"
"armor","Armor","Armor","worktags_pieterbruegel","tagpage_pieterbruegel",,"/pieterbruegel/tags/armor/"
"autumn","Autumn","Autumn","worktags_pieterbruegel","tagpage_pieterbruegel",,"/pieterbruegel/tags/autumn/"
"balance","Balance","Balance","worktags_pieterbruegel","tagpage_pieterbruegel",,"/pieterbruegel/tags/balance/"
"barn","Barn","Barn","worktags_pieterbruegel","tagpage_pieterbruegel",,"/pieterbruegel/tags/barn/"
"basket","Basket","Basket","worktags_pieterbruegel","tagpage_pieterbruegel",,"/pieterbruegel/tags/basket/"
"battle","Battle","Battle","worktags_pieterbruegel","tagpage_pieterbruegel",,"/pieterbruegel/tags/battle/"
"beggars","Beggars","Beggars","worktags_pieterbruegel","tagpage_pieterbruegel",,"/pieterbruegel/tags/beggars/"
"bethlehem","Bethlehem","Bethlehem","worktags_pieterbruegel","tagpage_pieterbruegel",,"/pieterbruegel/tags/bethlehem/"
"biblical","Biblical","Biblical","worktags_pieterbruegel","tagpage_pieterbruegel",,"/pieterbruegel/tags/biblical/"
"birds","Birds","Birds","worktags_pieterbruegel","tagpage_pieterbruegel",,"/pieterbruegel/tags/birds/"
"boat","Boat","Boat","worktags_pieterbruegel","tagpage_pieterbruegel",,"/pieterbruegel/tags/boat/"
"book-of-revelation","Book of Revelation","Book of Revelation","worktags_pieterbruegel","tagpage_pieterbruegel",,"/pieterbruegel/tags/book-of-revelation/"
"books","Books","Books","worktags_pieterbruegel","tagpage_pieterbruegel",,"/pieterbruegel/tags/books/"
"borromeo","Borromeo","Borromeo","worktags_pieterbruegel","tagpage_pieterbruegel",,"/pieterbruegel/tags/borromeo/"
"bosch","Bosch","Bosch","worktags_pieterbruegel","tagpage_pieterbruegel",,"/pieterbruegel/tags/bosch/"
"bowl","Bowl","Bowl","worktags_pieterbruegel","tagpage_pieterbruegel",,"/pieterbruegel/tags/bowl/"
"bridge","Bridge","Bridge","worktags_pieterbruegel","tagpage_pieterbruegel",,"/pieterbruegel/tags/bridge/"
"burghers","Burghers","Burghers","worktags_pieterbruegel","tagpage_pieterbruegel",,"/pieterbruegel/tags/burghers/"
"castle","Castle","Castle","worktags_pieterbruegel","tagpage_pieterbruegel",,"/pieterbruegel/tags/castle/"
"catastrophe","Catastrophe","Catastrophe","worktags_pieterbruegel","tagpage_pieterbruegel",,"/pieterbruegel/tags/catastrophe/"
"cattle","Cattle","Cattle","worktags_pieterbruegel","tagpage_pieterbruegel",,"/pieterbruegel/tags/cattle/"
"chaos","Chaos","Chaos","worktags_pieterbruegel","tagpage_pieterbruegel",,"/pieterbruegel/tags/chaos/"
"charity","Charity","Charity","worktags_pieterbruegel","tagpage_pieterbruegel",,"/pieterbruegel/tags/charity/"
"children","Children","Children","worktags_pieterbruegel","tagpage_pieterbruegel",,"/pieterbruegel/tags/children/"
"christ","Christ","Christ","worktags_pieterbruegel","tagpage_pieterbruegel",,"/pieterbruegel/tags/christ/"
"church","Church","Church","worktags_pieterbruegel","tagpage_pieterbruegel",,"/pieterbruegel/tags/church/"
"city","City","City","worktags_pieterbruegel","tagpage_pieterbruegel",,"/pieterbruegel/tags/city/"
"cliff","Cliff","Cliff","worktags_pieterbruegel","tagpage_pieterbruegel",,"/pieterbruegel/tags/cliff/"
"clock","Clock","Clock","worktags_pieterbruegel","tagpage_pieterbruegel",,"/pieterbruegel/tags/clock/"
"coast","Coast","Coast","worktags_pieterbruegel","tagpage_pieterbruegel",,"/pieterbruegel/tags/coast/"
"coins","Coins","Coins","worktags_pieterbruegel","tagpage_pieterbruegel",,"/pieterbruegel/tags/coins/"
"commerce","Commerce","Commerce","worktags_pieterbruegel","tagpage_pieterbruegel",,"/pieterbruegel/tags/commerce/"
"creatures","Creatures","Creatures","worktags_pieterbruegel","tagpage_pieterbruegel",,"/pieterbruegel/tags/creatures/"
"cripples","Cripples","Cripples","worktags_pieterbruegel","tagpage_pieterbruegel",,"/pieterbruegel/tags/cripples/"
"crosse","Crosse","Crosse","worktags_pieterbruegel","tagpage_pieterbruegel",,"/pieterbruegel/tags/crosse/"
"crowd","Crowd","Crowd","worktags_pieterbruegel","tagpage_pieterbruegel",,"/pieterbruegel/tags/crowd/"
"cup","Cup","Cup","worktags_pieterbruegel","tagpage_pieterbruegel",,"/pieterbruegel/tags/cup/"
"dancing","Dancing","Dancing","worktags_pieterbruegel","tagpage_pieterbruegel",,"/pieterbruegel/tags/dancing/"
"death","Death","Death","worktags_pieterbruegel","tagpage_pieterbruegel",,"/pieterbruegel/tags/death/"
"demons","Demons","Demons","worktags_pieterbruegel","tagpage_pieterbruegel",,"/pieterbruegel/tags/demons/"
"dog","Dog","Dog","worktags_pieterbruegel","tagpage_pieterbruegel",,"/pieterbruegel/tags/dog/"
"donkey","Donkey","Donkey","worktags_pieterbruegel","tagpage_pieterbruegel",,"/pieterbruegel/tags/donkey/"
"durer","Durer","Durer","worktags_pieterbruegel","tagpage_pieterbruegel",,"/pieterbruegel/tags/durer/"
"eating-drinking","Eating/Drinking","Eating/Drinking","worktags_pieterbruegel","tagpage_pieterbruegel",,"/pieterbruegel/tags/eating-drinking/"
"eggs","Eggs","Eggs","worktags_pieterbruegel","tagpage_pieterbruegel",,"/pieterbruegel/tags/eggs/"
"encyclopedic","Encyclopedic","Encyclopedic","worktags_pieterbruegel","tagpage_pieterbruegel",,"/pieterbruegel/tags/encyclopedic/"
"everyday-life","Everyday life","Everyday life","worktags_pieterbruegel","tagpage_pieterbruegel",,"/pieterbruegel/tags/everyday-life/"
"farm","Farm","Farm","worktags_pieterbruegel","tagpage_pieterbruegel",,"/pieterbruegel/tags/farm/"
"farmers","Farmers","Farmers","worktags_pieterbruegel","tagpage_pieterbruegel",,"/pieterbruegel/tags/farmers/"
"farming","Farming","Farming","worktags_pieterbruegel","tagpage_pieterbruegel",,"/pieterbruegel/tags/farming/"
"feasting","Feasting","Feasting","worktags_pieterbruegel","tagpage_pieterbruegel",,"/pieterbruegel/tags/feasting/"
"field","Field","Field","worktags_pieterbruegel","tagpage_pieterbruegel",,"/pieterbruegel/tags/field/"
"fire","Fire","Fire","worktags_pieterbruegel","tagpage_pieterbruegel",,"/pieterbruegel/tags/fire/"
"fish","Fish","Fish","worktags_pieterbruegel","tagpage_pieterbruegel",,"/pieterbruegel/tags/fish/"
"fishermen","Fishermen","Fishermen","worktags_pieterbruegel","tagpage_pieterbruegel",,"/pieterbruegel/tags/fishermen/"
"fishing","Fishing","Fishing","worktags_pieterbruegel","tagpage_pieterbruegel",,"/pieterbruegel/tags/fishing/"
"flag-banner","Flag/Banner","Flag/Banner","worktags_pieterbruegel","tagpage_pieterbruegel",,"/pieterbruegel/tags/flag-banner/"
"fools","Fools","Fools","worktags_pieterbruegel","tagpage_pieterbruegel",,"/pieterbruegel/tags/fools/"
"forest","Forest","Forest","worktags_pieterbruegel","tagpage_pieterbruegel",,"/pieterbruegel/tags/forest/"
"fortune","Fortune","Fortune","worktags_pieterbruegel","tagpage_pieterbruegel",,"/pieterbruegel/tags/fortune/"
"fountain","Fountain","Fountain","worktags_pieterbruegel","tagpage_pieterbruegel",,"/pieterbruegel/tags/fountain/"
"frans-floris","Frans Floris","Frans Floris","worktags_pieterbruegel","tagpage_pieterbruegel",,"/pieterbruegel/tags/frans-floris/"
"frans-hogenberg","Frans Hogenberg","Frans Hogenberg","worktags_pieterbruegel","tagpage_pieterbruegel",,"/pieterbruegel/tags/frans-hogenberg/"
"friars","Friars","Friars","worktags_pieterbruegel","tagpage_pieterbruegel",,"/pieterbruegel/tags/friars/"
"fruit","Fruit","Fruit","worktags_pieterbruegel","tagpage_pieterbruegel",,"/pieterbruegel/tags/fruit/"
"games","Games","Games","worktags_pieterbruegel","tagpage_pieterbruegel",,"/pieterbruegel/tags/games/"
"globe","Globe","Globe","worktags_pieterbruegel","tagpage_pieterbruegel",,"/pieterbruegel/tags/globe/"
"grisaille","Grisaille","Grisaille","worktags_pieterbruegel","tagpage_pieterbruegel",,"/pieterbruegel/tags/grisaille/"
"harbor","Harbor","Harbor","worktags_pieterbruegel","tagpage_pieterbruegel",,"/pieterbruegel/tags/harbor/"
"harvesting","Harvesting","Harvesting","worktags_pieterbruegel","tagpage_pieterbruegel",,"/pieterbruegel/tags/harvesting/"
"heaven","Heaven","Heaven","worktags_pieterbruegel","tagpage_pieterbruegel",,"/pieterbruegel/tags/heaven/"
"hell-underworld","Hell/Underworld","Hell/Underworld","worktags_pieterbruegel","tagpage_pieterbruegel",,"/pieterbruegel/tags/hell-underworld/"
"hellmouthe","Hellmouthe","Hellmouthe","worktags_pieterbruegel","tagpage_pieterbruegel",,"/pieterbruegel/tags/hellmouthe/"
"holy-family","Holy family","Holy family","worktags_pieterbruegel","tagpage_pieterbruegel",,"/pieterbruegel/tags/holy-family/"
"holy-roman-emperor-rudolf-ii","Holy Roman Emperor Rudolf II","Holy Roman Emperor Rudolf II","worktags_pieterbruegel","tagpage_pieterbruegel",,"/pieterbruegel/tags/holy-roman-emperor-rudolf-ii/"
"horse","Horse","Horse","worktags_pieterbruegel","tagpage_pieterbruegel",,"/pieterbruegel/tags/horse/"
"house","House","House","worktags_pieterbruegel","tagpage_pieterbruegel",,"/pieterbruegel/tags/house/"
"household-items","Household items","Household items","worktags_pieterbruegel","tagpage_pieterbruegel",,"/pieterbruegel/tags/household-items/"
"hunters","Hunters","Hunters","worktags_pieterbruegel","tagpage_pieterbruegel",,"/pieterbruegel/tags/hunters/"
"hunting","Hunting","Hunting","worktags_pieterbruegel","tagpage_pieterbruegel",,"/pieterbruegel/tags/hunting/"
"infanta-isabella","Infanta Isabella","Infanta Isabella","worktags_pieterbruegel","tagpage_pieterbruegel",,"/pieterbruegel/tags/infanta-isabella/"
"inn","Inn","Inn","worktags_pieterbruegel","tagpage_pieterbruegel",,"/pieterbruegel/tags/inn/"
"insects","Insects","Insects","worktags_pieterbruegel","tagpage_pieterbruegel",,"/pieterbruegel/tags/insects/"
"jewels","Jewels","Jewels","worktags_pieterbruegel","tagpage_pieterbruegel",,"/pieterbruegel/tags/jewels/"
"john-the-baptist","John the Baptist","John the Baptist","worktags_pieterbruegel","tagpage_pieterbruegel",,"/pieterbruegel/tags/john-the-baptist/"
"john-the-evangelist","John the Evangelist","John the Evangelist","worktags_pieterbruegel","tagpage_pieterbruegel",,"/pieterbruegel/tags/john-the-evangelist/"
"jongelinck","Jongelinck","Jongelinck","worktags_pieterbruegel","tagpage_pieterbruegel",,"/pieterbruegel/tags/jongelinck/"
"knight","Knight","Knight","worktags_pieterbruegel","tagpage_pieterbruegel",,"/pieterbruegel/tags/knight/"
"ladders","Ladders","Ladders","worktags_pieterbruegel","tagpage_pieterbruegel",,"/pieterbruegel/tags/ladders/"
"lake","Lake","Lake","worktags_pieterbruegel","tagpage_pieterbruegel",,"/pieterbruegel/tags/lake/"
"landing-stage","Landing stage","Landing stage","worktags_pieterbruegel","tagpage_pieterbruegel",,"/pieterbruegel/tags/landing-stage/"
"landscape","Landscape","Landscape","worktags_pieterbruegel","tagpage_pieterbruegel",,"/pieterbruegel/tags/landscape/"
"lantern","Lantern","Lantern","worktags_pieterbruegel","tagpage_pieterbruegel",,"/pieterbruegel/tags/lantern/"
"lust","Lust","Lust","worktags_pieterbruegel","tagpage_pieterbruegel",,"/pieterbruegel/tags/lust/"
"market","Market","Market","worktags_pieterbruegel","tagpage_pieterbruegel",,"/pieterbruegel/tags/market/"
"mary-magdalenee","Mary Magdalenee","Mary Magdalenee","worktags_pieterbruegel","tagpage_pieterbruegel",,"/pieterbruegel/tags/mary-magdalenee/"
"merchants","Merchants","Merchants","worktags_pieterbruegel","tagpage_pieterbruegel",,"/pieterbruegel/tags/merchants/"
"mirrors","Mirrors","Mirrors","worktags_pieterbruegel","tagpage_pieterbruegel",,"/pieterbruegel/tags/mirrors/"
"moneybox","Moneybox","Moneybox","worktags_pieterbruegel","tagpage_pieterbruegel",,"/pieterbruegel/tags/moneybox/"
"monkey","Monkey","Monkey","worktags_pieterbruegel","tagpage_pieterbruegel",,"/pieterbruegel/tags/monkey/"
"moralizing","Moralizing","Moralizing","worktags_pieterbruegel","tagpage_pieterbruegel",,"/pieterbruegel/tags/moralizing/"
"mountain","Mountain","Mountain","worktags_pieterbruegel","tagpage_pieterbruegel",,"/pieterbruegel/tags/mountain/"
"musical-instruments","Musical instruments","Musical instruments","worktags_pieterbruegel","tagpage_pieterbruegel",,"/pieterbruegel/tags/musical-instruments/"
"new-testament","New Testament","New Testament","worktags_pieterbruegel","tagpage_pieterbruegel",,"/pieterbruegel/tags/new-testament/"
"non-westerners","Non-Westerners","Non-Westerners","worktags_pieterbruegel","tagpage_pieterbruegel",,"/pieterbruegel/tags/non-westerners/"
"nude","Nude","Nude","worktags_pieterbruegel","tagpage_pieterbruegel",,"/pieterbruegel/tags/nude/"
"old-testament","Old Testament","Old Testament","worktags_pieterbruegel","tagpage_pieterbruegel",,"/pieterbruegel/tags/old-testament/"
"ortelius","Ortelius","Ortelius","worktags_pieterbruegel","tagpage_pieterbruegel",,"/pieterbruegel/tags/ortelius/"
"peacock","Peacock","Peacock","worktags_pieterbruegel","tagpage_pieterbruegel",,"/pieterbruegel/tags/peacock/"
"peasants","Peasants","Peasants","worktags_pieterbruegel","tagpage_pieterbruegel",,"/pieterbruegel/tags/peasants/"
"performers","Performers","Performers","worktags_pieterbruegel","tagpage_pieterbruegel",,"/pieterbruegel/tags/performers/"
"peter","Peter","Peter","worktags_pieterbruegel","tagpage_pieterbruegel",,"/pieterbruegel/tags/peter/"
"pharisees","Pharisees","Pharisees","worktags_pieterbruegel","tagpage_pieterbruegel",,"/pieterbruegel/tags/pharisees/"
"pieter-the-younger","Pieter the Younger","Pieter the Younger","worktags_pieterbruegel","tagpage_pieterbruegel",,"/pieterbruegel/tags/pieter-the-younger/"
"preaching","Preaching","Preaching","worktags_pieterbruegel","tagpage_pieterbruegel",,"/pieterbruegel/tags/preaching/"
"priests","Priests","Priests","worktags_pieterbruegel","tagpage_pieterbruegel",,"/pieterbruegel/tags/priests/"
"prisoners","Prisoners","Prisoners","worktags_pieterbruegel","tagpage_pieterbruegel",,"/pieterbruegel/tags/prisoners/"
"proverbs","Proverbs","Proverbs","worktags_pieterbruegel","tagpage_pieterbruegel",,"/pieterbruegel/tags/proverbs/"
"purgatorye","Purgatorye","Purgatorye","worktags_pieterbruegel","tagpage_pieterbruegel",,"/pieterbruegel/tags/purgatorye/"
"resting","Resting","Resting","worktags_pieterbruegel","tagpage_pieterbruegel",,"/pieterbruegel/tags/resting/"
"river","River","River","worktags_pieterbruegel","tagpage_pieterbruegel",,"/pieterbruegel/tags/river/"
"road","Road","Road","worktags_pieterbruegel","tagpage_pieterbruegel",,"/pieterbruegel/tags/road/"
"robbery","Robbery","Robbery","worktags_pieterbruegel","tagpage_pieterbruegel",,"/pieterbruegel/tags/robbery/"
"rooster","Rooster","Rooster","worktags_pieterbruegel","tagpage_pieterbruegel",,"/pieterbruegel/tags/rooster/"
"rosary","Rosary","Rosary","worktags_pieterbruegel","tagpage_pieterbruegel",,"/pieterbruegel/tags/rosary/"
"rubens","Rubens","Rubens","worktags_pieterbruegel","tagpage_pieterbruegel",,"/pieterbruegel/tags/rubens/"
"ruins","Ruins","Ruins","worktags_pieterbruegel","tagpage_pieterbruegel",,"/pieterbruegel/tags/ruins/"
"sailors","Sailors","Sailors","worktags_pieterbruegel","tagpage_pieterbruegel",,"/pieterbruegel/tags/sailors/"
"saint","Saint","Saint","worktags_pieterbruegel","tagpage_pieterbruegel",,"/pieterbruegel/tags/saint/"
"scheldt-river","Scheldt River","Scheldt River","worktags_pieterbruegel","tagpage_pieterbruegel",,"/pieterbruegel/tags/scheldt-river/"
"schongauer","Schongauer","Schongauer","worktags_pieterbruegel","tagpage_pieterbruegel",,"/pieterbruegel/tags/schongauer/"
"sculpture","Sculpture","Sculpture","worktags_pieterbruegel","tagpage_pieterbruegel",,"/pieterbruegel/tags/sculpture/"
"sea","Sea","Sea","worktags_pieterbruegel","tagpage_pieterbruegel",,"/pieterbruegel/tags/sea/"
"seasons","Seasons","Seasons","worktags_pieterbruegel","tagpage_pieterbruegel",,"/pieterbruegel/tags/seasons/"
"series","Series","Series","worktags_pieterbruegel","tagpage_pieterbruegel",,"/pieterbruegel/tags/series/"
"servants","Servants","Servants","worktags_pieterbruegel","tagpage_pieterbruegel",,"/pieterbruegel/tags/servants/"
"shells","Shells","Shells","worktags_pieterbruegel","tagpage_pieterbruegel",,"/pieterbruegel/tags/shells/"
"shepherds","Shepherds","Shepherds","worktags_pieterbruegel","tagpage_pieterbruegel",,"/pieterbruegel/tags/shepherds/"
"ship","Ship","Ship","worktags_pieterbruegel","tagpage_pieterbruegel",,"/pieterbruegel/tags/ship/"
"singing","Singing","Singing","worktags_pieterbruegel","tagpage_pieterbruegel",,"/pieterbruegel/tags/singing/"
"skating","Skating","Skating","worktags_pieterbruegel","tagpage_pieterbruegel",,"/pieterbruegel/tags/skating/"
"skeletons","Skeletons","Skeletons","worktags_pieterbruegel","tagpage_pieterbruegel",,"/pieterbruegel/tags/skeletons/"
"soldiers","Soldiers","Soldiers","worktags_pieterbruegel","tagpage_pieterbruegel",,"/pieterbruegel/tags/soldiers/"
"spinning","Spinning","Spinning","worktags_pieterbruegel","tagpage_pieterbruegel",,"/pieterbruegel/tags/spinning/"
"staffage","Staffage","Staffage","worktags_pieterbruegel","tagpage_pieterbruegel",,"/pieterbruegel/tags/staffage/"
"storm","Storm","Storm","worktags_pieterbruegel","tagpage_pieterbruegel",,"/pieterbruegel/tags/storm/"
"stream","Stream","Stream","worktags_pieterbruegel","tagpage_pieterbruegel",,"/pieterbruegel/tags/stream/"
"summer","Summer","Summer","worktags_pieterbruegel","tagpage_pieterbruegel",,"/pieterbruegel/tags/summer/"
"swine","Swine","Swine","worktags_pieterbruegel","tagpage_pieterbruegel",,"/pieterbruegel/tags/swine/"
"the-golden-legend","The Golden Legend","The Golden Legend","worktags_pieterbruegel","tagpage_pieterbruegel",,"/pieterbruegel/tags/the-golden-legend/"
"theatrical-performance","Theatrical Performance","Theatrical Performance","worktags_pieterbruegel","tagpage_pieterbruegel",,"/pieterbruegel/tags/theatrical-performance/"
"tools","Tools","Tools","worktags_pieterbruegel","tagpage_pieterbruegel",,"/pieterbruegel/tags/tools/"
"tower","Tower","Tower","worktags_pieterbruegel","tagpage_pieterbruegel",,"/pieterbruegel/tags/tower/"
"traveling","Traveling","Traveling","worktags_pieterbruegel","tagpage_pieterbruegel",,"/pieterbruegel/tags/traveling/"
"tronie","Tronie","Tronie","worktags_pieterbruegel","tagpage_pieterbruegel",,"/pieterbruegel/tags/tronie/"
"turkey","Turkey","Turkey","worktags_pieterbruegel","tagpage_pieterbruegel",,"/pieterbruegel/tags/turkey/"
"vanitas","Vanitas","Vanitas","worktags_pieterbruegel","tagpage_pieterbruegel",,"/pieterbruegel/tags/vanitas/"
"vase","Vase","Vase","worktags_pieterbruegel","tagpage_pieterbruegel",,"/pieterbruegel/tags/vase/"
"village","Village","Village","worktags_pieterbruegel","tagpage_pieterbruegel",,"/pieterbruegel/tags/village/"
"virgin-mary","Virgin Mary","Virgin Mary","worktags_pieterbruegel","tagpage_pieterbruegel",,"/pieterbruegel/tags/virgin-mary/"
"volcano","Volcano","Volcano","worktags_pieterbruegel","tagpage_pieterbruegel",,"/pieterbruegel/tags/volcano/"
"wagon","Wagon","Wagon","worktags_pieterbruegel","tagpage_pieterbruegel",,"/pieterbruegel/tags/wagon/"
"waterfall","Waterfall","Waterfall","worktags_pieterbruegel","tagpage_pieterbruegel",,"/pieterbruegel/tags/waterfall/"
"watermill","Watermill","Watermill","worktags_pieterbruegel","tagpage_pieterbruegel",,"/pieterbruegel/tags/watermill/"
"weaponry","Weaponry","Weaponry","worktags_pieterbruegel","tagpage_pieterbruegel",,"/pieterbruegel/tags/weaponry/"
"wedding","Wedding","Wedding","worktags_pieterbruegel","tagpage_pieterbruegel",,"/pieterbruegel/tags/wedding/"
"whale","Whale","Whale","worktags_pieterbruegel","tagpage_pieterbruegel",,"/pieterbruegel/tags/whale/"
"windmill","Windmill","Windmill","worktags_pieterbruegel","tagpage_pieterbruegel",,"/pieterbruegel/tags/windmill/"
"winter","Winter","Winter","worktags_pieterbruegel","tagpage_pieterbruegel",,"/pieterbruegel/tags/winter/"
"witches","Witches","Witches","worktags_pieterbruegel","tagpage_pieterbruegel",,"/pieterbruegel/tags/witches/"
